iter	MultiClass
0	9.204574281
1	9.177313104
2	9.150635186
